,NULL,近畿日本法隆寺,近畿日本法隆寺,,34.600793,135.738729
,NULL,大和安堵,大和安堵,,34.605781,135.755002
,NULL,額田部,額田部,,34.607287,135.779467
,NULL,平端,平端,,34.606507,135.782002
